sample	lineage
KU059753.1	A.8
KC344430.1	A.8
KC344528.1	A
U55342.2	A
J04332.1	A.7
L01442.2	A.7
KC344516.1	A
U55345.2	A
KC344519.1	A.6
KC344477.1	A.6
KC344512.1	A
KC344484.1	A.5
KJ410017.1	A.1
AY741139.1	A.1
L04653.1	A
MK028850.1	A.5.0
KC344524.1	A.5.0
KC344522.1	A.4
L01443.1	A.1.1
KR260736.1	A.1
KC344485.2	A.1
AF375051.1	A.2
KC344525.1	A.4.0
KC344486.1	A.4.0
KC344520.1	A.3
KC344502.1	A
MZ399799.1	A.1.1.0
MZ399798.1	A.1.1.0
KC344514.1	A.3.0
KC344487.1	A.3.0
KU978806.1	A.1.0
KF985959.1	A.2.1
U55350.2	A.2.1
KP282671.1	A.2.0
U55347.2	A.2.0
KC344521.1	A.0
KC344508.1	A.0
KU059754.1	A.1.0.2
KU059755.1	A.1.0.2
KC344505.2	A.1.0.1
AF069903.1	A.1.0.1
KC344517.1	A.1.0.0
AY986475.1	A.2.0.0
AY973944.1	A.2.0.0
KC344461.2	A.0
KC344509.1	A.0
KU059756.1	A.1.0.0.0
KC344483.2	A.1.0.0.0
KC344523.1	A.0
U55362.2	A.0
KC344429.1	A.0.1
KC344462.1	A.0.1
KC344459.1	A.0.1.0
KC344460.1	A.0.1.0
AF004472.2	A.0.0.2
AF004458.2	A.0.0.2
U55360.2	A.0.0.1
AF004459.2	A.0.0.1
AF100566.1	A.0.0.0
MF459684.1	A.0.0.0
KC344513.1	A.0.0.0
KC344439.1	B
KC344458.1	B.3
KC344444.1	B.3
KC344457.1	B
KC344433.1	B
MK796243.1	B.3.1
KC344441.1	B.3.1
MK028849.1	B.1.3
U34999.1	B.1.3
KC344527.1	B.1
KC344466.1	B.1
KC344446.1	B.2
KC344463.1	B
KC344456.1	B.3.0.1
KC344443.1	B.3.0.1
KC344455.1	B.3.0.0
KC344442.1	B.3.0.0
KC344454.1	B.1.1.1
KC344436.1	B.1.1.1
KC344435.1	B.1.1
KC344437.1	B.1.2
AF448537.1	B.1
KC344467.1	B.1.1.0
KC344434.1	B.1.1.0
AF448539.1	B.1.2.0
KC344438.1	B.1.2.0
KC344515.1	B.1
KC344448.1	B.2.1
KC344445.1	B.2.1
KC344431.1	B.2.0
KC344449.1	B.0
KC344447.1	B.2.0.0
KC344440.1	B.2.0.0
KC344481.1	B.0
KC344451.1	B.0
AF448538.1	B.1.0
AY823299.1	B.1.0
KC344468.1	B.0.2
KC344480.1	B.0
KC344529.1	B.0.3
AF448535.1	B.1.0.1
AF448536.1	B.1.0.1
KC344465.1	B.1.0.0
KC344494.1	B.0.2.0
KC344495.1	B.0.2.0
KC344489.1	B.0.2.0
KC344453.1	B.0.1
KC344531.1	B.0.3.0
KC344530.1	B.0.3.0
KC344450.1	B.0.0
KC344493.1	B.0.0
KC344482.1	B.1.0.0.0
KC344464.1	B.1.0.0.0
KC344479.1	B.0.1
KC344499.1	B.0.0
KC344469.1	B.0.0
KC344452.1	B.0.1.0
KC344478.1	B.0.1.0
KC344500.1	B.0.0.0
KC344470.1	B.0.0.0
KC344501.1	B.0.0.0
KC344491.1	B.0.0.0
KC344496.1	B.0.0.1
KC344497.1	B.0.0.1
KC344492.1	B.0.0.1.0
KC344498.1	B.0.0.1.0
KC344472.1	C
KC344473.2	C
L00930.1	C
KC344507.2	C
KC344503.2	C
KC344506.1	C.2
MF590066.1	C
KC344510.1	C.1
KC344488.2	C.2
KC344526.1	C.0
KC344511.1	C.1
KC344518.1	C.2.0
KC344471.1	C.2.0
KC344490.1	C.0
KC344474.1	C.1.0
KC344475.1	C.1.0
DQ390224.2	C.0.0
KC344504.2	C.0.0
